id,name,price,rating,url,img_url
1,A4 Tech HS-6 Black iChat HeadSet,650,5,https://btechcustoms.com/product/a4-tech-hs-6-black-ichat-headset/,https://btechcustoms.com/wp-content/uploads/2024/08/A4TECH-HS-6-iCHAT-HEADSET.png
2,A4 Tech HU-10 USB Noise Cancelling Headset,750,5,https://btechcustoms.com/product/a4-tech-hu-10-usb-noise-cancelling-headset/,https://btechcustoms.com/wp-content/uploads/2024/08/A4TECH-HU-10-USB-NOISE-CANCELLING-HEADSET.png
3,A4tech HS-50 ComfortFit Stereo HeadSet,850,5,https://btechcustoms.com/product/a4tech-hs-50-comfortfit-stereo-headset/,https://btechcustoms.com/wp-content/uploads/2024/08/A4TECH-HS-50-STEREO-HEADSET.png
4,A4Tech kk-3330 Adjustable Keyboard Usb Black Keyboard and Mouse,600,5,https://btechcustoms.com/product/a4tech-kk-3330-adjustable-keyboard-usb-black-keyboard-and-mouse/,https://btechcustoms.com/wp-content/uploads/2024/08/A4TECH-KK-3330-KEYBOARD-MOUSE-COMBO.png
5,A4Tech PK-910H 1080p Full-HD WebCam,1350,5,https://btechcustoms.com/product/a4tech-pk-910h-1080p-full-hd-webcam/,https://btechcustoms.com/wp-content/uploads/2024/09/A4TECH-PK-910H-1080p-Full-HD-WebCam.png
6,a4Tech Wired Mouse(OP-720),250,5,https://btechcustoms.com/product/a4tech-wired-mouseop-720/,https://btechcustoms.com/wp-content/uploads/2024/08/a4Tech-Wired-MouseOP-720.png
7,AC650 Dual-band Wireless USB Adapter,650,5,https://btechcustoms.com/product/ac650-dual-band-wireless-usb-adapter/,https://btechcustoms.com/wp-content/uploads/2024/08/TENDA-AC650-WIFI-DONGLE-1.png
8,Acer AC-1000 1000w Full Modular 80plus Bronze Power Supply,7500,5,https://btechcustoms.com/product/acer-ac-1000-1000w-full-modular-80plus-bronze-power-supply/,https://btechcustoms.com/wp-content/uploads/2024/07/ACER-AC1000W-GOLD.jpg
9,Acer AC-550 550w Full Modular 80plus Bronze Power Supply,1750,5,https://btechcustoms.com/product/acer-ac-550-550w-full-modular-80plus-bronze-power-supply/,https://btechcustoms.com/wp-content/uploads/2024/07/ACER-AC500W-BRONZE.jpg
10,Acer AC-650 650w Full Modular 80plus Bronze Power Supply,2300,5,https://btechcustoms.com/product/acer-ac-650-650w-full-modular-80plus-bronze-power-supply/,https://btechcustoms.com/wp-content/uploads/2024/07/ACER-AC650W.jpg
11,Acer AC-750 750w Full Modular 80plus Bronze Power Supply,2800,5,https://btechcustoms.com/product/acer-ac-750-750w-full-modular-80plus-bronze-power-supply/,https://btechcustoms.com/wp-content/uploads/2024/07/ACER-AC750W-BRONZE.jpg
12,Acer Aspire 3 A315-59-568X 15.6″ FHD Laptop (Pure Silver) 15.6″ FHD (1920×1080) i5-1235U 8GB RAM 512GB SSD Intel UHD Graphics Windows 11 Home,39980,5,https://btechcustoms.com/product/acer-aspire-3-a315-59-568x-156-fhd-laptop-pure-silver-156-fhd-19201080-i5-1235u-8gb-ram-512gb-ssd-intel-uhd-graphics-windows-11-home/,
13,Ad-Link Type C to HDMI Adapter,450,5,https://btechcustoms.com/product/ad-link-type-c-to-hdmi-adapter/,https://btechcustoms.com/wp-content/uploads/2024/09/ADLINK-ADAPTER-TYPE-C-TO-HDMI-VGA-60HZ-1.png
14,Ad-Link Type C to USB 3.0+HDMI+USB C PD adapter,400,5,https://btechcustoms.com/product/ad-link-type-c-to-usb-30hdmiusb-c-pd-adapter/,
15,AD-Link Type C to VGA Adapter,250,5,https://btechcustoms.com/product/ad-link-type-c-to-vga-adapter/,https://btechcustoms.com/wp-content/uploads/2024/09/ADLINK-ADAPTER-TYPE-C-TO-VGA.png
16,AMD Ryzen 3 3200g Socket Am4 3.6ghz with Radeon Vega 8 Processor MPK,5000,5,https://btechcustoms.com/product/amd-ryzen-3-3200g-socket-am4-36ghz-with-radeon-vega-8-processor-mpk/,
17,"Amd Ryzen 5 3400g SocketAm4 3.7ghz 4-core, 8-Thread Desktop Processor with Radeon Vega 11",5150,5,https://btechcustoms.com/product/amd-ryzen-5-3400g-socketam4-37ghz-4-core-8-thread-desktop-processor-with-radeon-vega-11/,
18,AMD Ryzen 5 3600 Processor,6400,5,https://btechcustoms.com/product/amd-ryzen-5-3600-processor/,https://btechcustoms.com/wp-content/uploads/2024/10/AMD-RYZEN-5-3600-BOX-UBT.png
19,AMD Ryzen 5 4500 Socket Am4 3.6GHz,5200,5,https://btechcustoms.com/product/amd-ryzen-5-4500-socket-am4-36ghz/,
20,Amd ryzen 5 4600g w/ Wraith Cooler Tray DC,5800,5,https://btechcustoms.com/product/amd-ryzen-5-4600g-w-wraith-cooler-tray-dc/,
21,AMD Ryzen 5 5500 Am4 3.5GHz 6 cores | 12 Threads Desktop Processor,6000,5,https://btechcustoms.com/product/amd-ryzen-5-5500-am4-35ghz-6-cores--12-threads-desktop-processor/,
22,AMD Ryzen 5 5600 Socket Am4 3.5GHz 6 cores | 12 Threads Desktop Processor,7300,5,https://btechcustoms.com/product/amd-ryzen-5-5600-socket-am4-35ghz-6-cores--12-threads-desktop-processor/,
23,AMD Ryzen 5 5600G Socket Am4 3.9GHz with Radeon Vega 7 Processor Wraith Stealth Cooler,7650,5,https://btechcustoms.com/product/amd-ryzen-5-5600g-socket-am4-39ghz-with-radeon-vega-7-processor-wraith-stealth-cooler/,
24,AMD Ryzen 5 7500F 6 Cores 12 Threads Up to 5.0GHz AM5 AMD Processor – NPK,11000,5,https://btechcustoms.com/product/amd-ryzen-5-7500f-6-cores-12-threads-up-to-50ghz-am5-amd-processor--npk/,
25,AMD Ryzen 5 8400F 6 Cores 12 Threads 4.2 GHz Up to 4.7 GHz Socket AM5 Desktop Processor,10000,5,https://btechcustoms.com/product/amd-ryzen-5-8400f-6-cores-12-threads-42-ghz-up-to-47-ghz-socket-am5-desktop-processor/,
26,AMD Ryzen 5 8500G 3.5GHz AM5 Socket DDR5 Processor,11900,5,https://btechcustoms.com/product/amd-ryzen-5-8500g-35ghz-am5-socket-ddr5-processor/,
27,AMD Ryzen 7 5700G Socket Am4 3.8GHz with Radeon Vega 8 Processor,10650,5,https://btechcustoms.com/product/amd-ryzen-7-5700g-socket-am4-38ghz-with-radeon-vega-8-processor/,
28,AMD Ryzen 7 5700X3D 8-Cores 16-Threads Desktop Processor without Cooler,16250,5,https://btechcustoms.com/product/amd-ryzen-7-5700x3d-8-cores-16-threads-desktop-processor-without-cooler/,https://btechcustoms.com/wp-content/uploads/2024/07/RYZEN-5700X3D.png
29,AMD Ryzen 7 8700F 8 Cores 16 Threads DDR5 MPK,9360,5,https://btechcustoms.com/product/amd-ryzen-7-8700f-8-cores-16-threads-ddr5-mpk/,https://btechcustoms.com/wp-content/uploads/2024/10/AMD-RYZEN-7-8700F-8-CORES-16-THREADS-DDR5-TRAY-MPK.png
30,AMD Ryzen™ 7 5700X Desktop Processors (Up to 4.6GHz),10500,5,https://btechcustoms.com/product/amd-ryzen-7-5700x-desktop-processors-up-to-46ghz/,
31,AMD Ryzen™ 9 5900X Desktop Processor,22570,5,https://btechcustoms.com/product/amd-ryzen-9-5900x-desktop-processor/,https://btechcustoms.com/wp-content/uploads/2024/07/RYZEN-9-5900X.png
32,Apacer NOX RGB 16GB 8GX2 DDR4 3200MHZ Memory Module White,2700,5,https://btechcustoms.com/product/apacer-nox-rgb-16gb-8gx2-ddr4-3200mhz-memory-module-white/,https://btechcustoms.com/wp-content/uploads/2024/10/APACER-NOX-16GB-2X8GB-RGB-DDR4-3200MHZ-WHITE.png
33,Apacer NOX RGB AURA2 16GB 2x8GB 3200-16 DDR4 Memory,2700,5,https://btechcustoms.com/product/apacer-nox-rgb-aura2-16gb-2x8gb-3200-16-ddr4-memory/,https://btechcustoms.com/wp-content/uploads/2024/10/APACER-NOX-16GB-2X8GB-RGB-DDR4-3200MHZ-BLACK.png
34,ASRock | B550 Phantom Gaming 4/ac,8200,5,https://btechcustoms.com/product/asrock--b550-phantom-gaming-4ac/,
35,ASRock A620M-HDV/M.2+ Micro ATX Motherboard,6000,5,https://btechcustoms.com/product/asrock-a620m-hdvm2-micro-atx-motherboard/,
36,ASRock AMD Radeon RX 7700 XT Steel Legend 12GB OC Graphics Card,28700,5,https://btechcustoms.com/product/asrock-amd-radeon-rx-7700-xt-steel-legend-12gb-oc-graphics-card/,https://btechcustoms.com/wp-content/uploads/2024/10/ASROCK-RX7700XT-STEEL-LEGEND.png
37,Asrock B550 Pro4 Motherboard,7700,5,https://btechcustoms.com/product/asrock-b550-pro4-motherboard/,https://btechcustoms.com/wp-content/uploads/2024/10/ASROCK-B550-PRO-4-ATX.png
38,Asrock B550 Steel Legend Motherboard,9700,5,https://btechcustoms.com/product/asrock-b550-steel-legend-motherboard/,https://btechcustoms.com/wp-content/uploads/2024/09/ASROCK-B550-STEEL-LEGEND.png
39,ASRock B550M Pro 4,6500,5,https://btechcustoms.com/product/asrock-b550m-pro-4/,https://btechcustoms.com/wp-content/uploads/2024/07/B550M-Pro4.png
40,ASRock B550M Pro SE White Micro ATX Motherboard,6000,5,https://btechcustoms.com/product/asrock-b550m-pro-se-white-micro-atx-motherboard/,https://btechcustoms.com/wp-content/uploads/2024/07/ASROCK-B550-PRO-SE.png
41,ASRock B550M-ITX/ac,9200,5,https://btechcustoms.com/product/asrock-b550m-itxac/,
42,ASRock B650M PG RIPTIDE WIFI AM5 Micro-ATX Mainboard,11850,5,https://btechcustoms.com/product/asrock-b650m-pg-riptide-wifi-am5-micro-atx-mainboard/,https://btechcustoms.com/wp-content/uploads/2024/07/B650M-PG-Riptide-WiFi.png
43,ASUS Dual Radeon™ RX 6600 V3 8GB GDDR6,13999,5,https://btechcustoms.com/product/asus-dual-radeon-rx-6600-v3-8gb-gddr6/,https://btechcustoms.com/wp-content/uploads/2024/09/ASUS-DUAL-RADEON-RX6600-V3-8GB-GDDR5.png
44,Asus Phoenix Radeon RX 550 4GB GDDR5 Graphics Card (PH-RX550-4G-EVO),5900,5,https://btechcustoms.com/product/asus-phoenix-radeon-rx-550-4gb-gddr5-graphics-card-ph-rx550-4g-evo/,https://btechcustoms.com/wp-content/uploads/2024/10/ASUS-RX550-4GB-EVO.png
45,ASUS PRIME B650M-A II,8500,5,https://btechcustoms.com/product/asus-prime-b650m-a-ii/,https://btechcustoms.com/wp-content/uploads/2024/11/w328.png
46,Asus Prime B650M-A II AMD AM5 Motherboard,8500,5,https://btechcustoms.com/product/asus-prime-b650m-a-ii-amd-am5-motherboard/,https://btechcustoms.com/wp-content/uploads/2024/10/ASUS-PRIME-B650M-A-II-AM5-DDR5.png
47,Asus ROG Strix B650-A Gaming WiFi Motherboard AM5,16500,5,https://btechcustoms.com/product/asus-rog-strix-b650-a-gaming-wifi-motherboard-am5/,https://btechcustoms.com/wp-content/uploads/2024/10/ASUS-ROG-STRIX-B650-A-GAMING-WIFI-AM5-DDR5.png
48,Asus RT-AX52 AX1800 Dual Band Wifi 6 Extendable Router,2999,5,https://btechcustoms.com/product/asus-rt-ax52-ax1800-dual-band-wifi-6-extendable-router/,https://btechcustoms.com/wp-content/uploads/2024/10/ASUS-RT-AX52-AX1800-DUAL-BAND-WIFI-6-EXTENDABLE-ROUTER.png
49,be quiet! Dark Rock Pro 4 CPU Air Cooler Fan,3850,5,https://btechcustoms.com/product/be-quiet-dark-rock-pro-4-cpu-air-cooler-fan/,https://btechcustoms.com/wp-content/uploads/2024/07/BE-QUIET-DARK-ROCK-4.png
50,Brother DCP-T420W- Wireless All in One Printer,8950,5,https://btechcustoms.com/product/brother-dcp-t420w--wireless-all-in-one-printer/,https://btechcustoms.com/wp-content/uploads/2024/11/BROTHER-DCP-T420W-3-IN-1-WIRELESS-PRINT.webp
51,Comfast CF-WU815N USB WiFi Dongle 150Mbps Driver-Free Wireless WiFi Adapter for Desktop and Laptop WiFi Receiver,250,5,https://btechcustoms.com/product/comfast-cf-wu815n-usb-wifi-dongle-150mbps-driver-free-wireless-wifi-adapter-for-desktop-and-laptop-wifi-receiver/,https://btechcustoms.com/wp-content/uploads/2024/08/COMFAST-WiFi-DONGLE.png
52,Cooler Master MasterLiquid ML360L ARGB V2 Liquid CPU Cooler (MLW-D36M-A18PA-R2),6300,5,https://btechcustoms.com/product/cooler-master-masterliquid-ml360l-argb-v2-liquid-cpu-cooler-mlw-d36m-a18pa-r2/,https://btechcustoms.com/wp-content/uploads/2024/07/COOLER-MASTER-ML360L.png
53,"Cooler Master MWE Gold 1050 V2 Fully Modular, 1050W, 80+ Gold Efficiency, Quiet 140mm FDB Fan, 2 EPS Connectors, High Temperature Resilience",10500,5,https://btechcustoms.com/product/cooler-master-mwe-gold-1050-v2-fully-modular-1050w-80-gold-efficiency-quiet-140mm-fdb-fan-2-eps-connectors-high-temperature-resilience/,https://btechcustoms.com/wp-content/uploads/2024/07/COOLER-MASTER-1050W-GOLD.png
54,Corsair CX Series CX650 650W 80+ Bronze ATX Power Supply,3700,5,https://btechcustoms.com/product/corsair-cx-series-cx650-650w-80-bronze-atx-power-supply/,https://btechcustoms.com/wp-content/uploads/2024/07/CORSAIR-CX650.png
55,Corsair CX Series CX750 750W 80+ Bronze ATX Power Supply,4200,5,https://btechcustoms.com/product/corsair-cx-series-cx750-750w-80-bronze-atx-power-supply/,https://btechcustoms.com/wp-content/uploads/2024/07/CORSAIR-750W-BRONZE.png
56,Corsair CX550 550 watts 80 Plus Bronze Power Supply,3200,5,https://btechcustoms.com/product/corsair-cx550-550-watts-80-plus-bronze-power-supply/,https://btechcustoms.com/wp-content/uploads/2024/07/CORSAIR-CX550.jpg
57,DarkFlash DLH 21 Luxury ITX PC Gaming Case (Black),4000,5,https://btechcustoms.com/product/darkflash-dlh-21-luxury-itx-pc-gaming-case-black/,https://btechcustoms.com/wp-content/uploads/2024/09/DARK-FLASH-DLH21-BLACK-MINI-ITX.png
58,DarkFlash DLH21 Mini-ITX Panel Computer Case,4100,5,https://btechcustoms.com/product/darkflash-dlh21-mini-itx-panel-computer-case/,https://btechcustoms.com/wp-content/uploads/2024/09/DARK-FLASH-DLH21-PINK-MINI-ITX.png
59,DarkFlash DLM21 Mesh Mid Tower Pink PC Case,2500,5,https://btechcustoms.com/product/darkflash-dlm21-mesh-mid-tower-pink-pc-case/,https://btechcustoms.com/wp-content/uploads/2024/09/DARKFLASH-DLM21-PINK-MATX.png
60,Deepcool AG400 ARGB Digital Plus CPU Air Cooler Black,2700,5,https://btechcustoms.com/product/deepcool-ag400-argb-digital-plus-cpu-air-cooler-black/,https://btechcustoms.com/wp-content/uploads/2024/09/DEEPCOOL-AG400-Digital-Plus.png
61,DeepCool AG400 Digital Plus,2700,5,https://btechcustoms.com/product/deepcool-ag400-digital-plus/,https://btechcustoms.com/wp-content/uploads/2024/07/7-2.png
62,DeepCool ag400 digital wh argb,2680,5,https://btechcustoms.com/product/deepcool-ag400-digital-wh-argb/,https://btechcustoms.com/wp-content/uploads/2024/09/DEEPCOOL-AG400-Digital-WH-ARGB-1.png
63,DeepCool AG400 WH ARGB,2680,5,https://btechcustoms.com/product/deepcool-ag400-wh-argb/,https://btechcustoms.com/wp-content/uploads/2024/07/DEEP-COOL-AG400-WH-ARGB.png
64,Deepcool AG620 Digital BK ARGB Dual-Tower CPU Cooler,3700,5,https://btechcustoms.com/product/deepcool-ag620-digital-bk-argb-dual-tower-cpu-cooler/,https://btechcustoms.com/wp-content/uploads/2024/07/5.png
65,Deepcool AG620 Digital WH ARGB Dual Tower CPU Cooler,3700,5,https://btechcustoms.com/product/deepcool-ag620-digital-wh-argb-dual-tower-cpu-cooler/,https://btechcustoms.com/wp-content/uploads/2024/07/1-3.png
66,Deepcool AK400 Digital Performance CPU Cooler,2500,5,https://btechcustoms.com/product/deepcool-ak400-digital-performance-cpu-cooler/,https://btechcustoms.com/wp-content/uploads/2024/07/DEEP-COOL-AK400-DIGITAL.png
67,DeepCool AK400 Zero Dark Performance CPU Cooler,2000,5,https://btechcustoms.com/product/deepcool-ak400-zero-dark-performance-cpu-cooler/,https://btechcustoms.com/wp-content/uploads/2024/07/DEEP-COOL-AK400-ZERO-DARK.png
68,Deepcool AK500S Digital CPU Cooler,2600,5,https://btechcustoms.com/product/deepcool-ak500s-digital-cpu-cooler/,https://btechcustoms.com/wp-content/uploads/2024/07/DEEP-COOL-AK500S-DIGITAL.png
69,Deepcool AK620 Digital Performance CPU Cooler With Status Display (R-AK620-BKADMN-G),4400,5,https://btechcustoms.com/product/deepcool-ak620-digital-performance-cpu-cooler-with-status-display-r-ak620-bkadmn-g/,https://btechcustoms.com/wp-content/uploads/2024/09/DEEPCOOL-AK620-Digital-.png
70,Deepcool AK620 Digital WH Performance CPU Cooler With a Status Display (White) (R-AK620-WHADMN-G),4400,5,https://btechcustoms.com/product/deepcool-ak620-digital-wh-performance-cpu-cooler-with-a-status-display-white-r-ak620-whadmn-g/,https://btechcustoms.com/wp-content/uploads/2024/09/DEEPCOOL-AK620-Digital-WH.png
71,Deepcool CG580 Panoramic Single Chamber ATX Computer Case Black,3850,5,https://btechcustoms.com/product/deepcool-cg580-panoramic-single-chamber-atx-computer-case-black/,
72,Deepcool CG580 Panoramic Single Chamber ATX Computer Case White,3999,5,https://btechcustoms.com/product/deepcool-cg580-panoramic-single-chamber-atx-computer-case-white/,
73,Deepcool CH160 Mini-ITX Mini Tower Cabinet PC Case Black,2999,5,https://btechcustoms.com/product/deepcool-ch160-mini-itx-mini-tower-cabinet-pc-case-black/,https://btechcustoms.com/wp-content/uploads/2024/11/DEEPCOOL-CH160-BLACK.webp
74,Deepcool CH160 Mini-ITX Mini Tower Cabinet PC Case White,3200,5,https://btechcustoms.com/product/deepcool-ch160-mini-itx-mini-tower-cabinet-pc-case-white/,https://btechcustoms.com/wp-content/uploads/2024/11/DEEPCOOL-CH160-WHITE.webp
75,Deepcool CH360 Digital Micro Tower Mini-ITX/Micro ATX Case With Digital Display Screen With Tempered Glass Window Black,4200,5,https://btechcustoms.com/product/deepcool-ch360-digital-micro-tower-mini-itxmicro-atx-case-with-digital-display-screen-with-tempered-glass-window-black/,
76,Deepcool CH510 Mesh Digital Mid-Tower ATX Case With Digital LCD Display And Magnetic Tempered Glass Window (R-CH510-BKNSE1-G-1),4850,5,https://btechcustoms.com/product/deepcool-ch510-mesh-digital-mid-tower-atx-case-with-digital-lcd-display-and-magnetic-tempered-glass-window-r-ch510-bknse1-g-1/,https://btechcustoms.com/wp-content/uploads/2024/11/DEEPCOOL-CH510-MESH-DIGITAL-BLACK.webp
77,Deepcool CH560 Digital WH Airflow Case w/ Status Screen (White) (R-CH560-WHAPE4D-G-1),6500,5,https://btechcustoms.com/product/deepcool-ch560-digital-wh-airflow-case-w-status-screen-white-r-ch560-whape4d-g-1/,https://btechcustoms.com/wp-content/uploads/2024/11/DEEPCOOL-CH560-DIGITAL-WHITE.webp
78,DeepCool CK-11509 CPU Air Cooler,250,5,https://btechcustoms.com/product/deepcool-ck-11509-cpu-air-cooler/,https://btechcustoms.com/wp-content/uploads/2024/09/DEEPCOOL-CK-11509.png
79,DeepCool CK-AM209 V2 Air Cooler,250,5,https://btechcustoms.com/product/deepcool-ck-am209-v2-air-cooler/,https://btechcustoms.com/wp-content/uploads/2024/09/DEEPCOOL-CK-AM209-V2.png
80,Deepcool EK720 XS 120*20*(1.0mm) High Performance Thermal Pad (R-EK720-GYXS10-G-1),420,5,https://btechcustoms.com/product/deepcool-ek720-xs-1202010mm-high-performance-thermal-pad-r-ek720-gyxs10-g-1/,
81,Deepcool Gamma Archer CPU Air Cooler,350,5,https://btechcustoms.com/product/deepcool-gamma-archer-cpu-air-cooler/,https://btechcustoms.com/wp-content/uploads/2024/09/DEEPCOOL-GAMMA-ARCHER-CPU-COOLER-INTEL-AMD.png
82,DEEPCOOL Gammaxx AG400 BK ARGB CPU air cooler,2000,5,https://btechcustoms.com/product/deepcool-gammaxx-ag400-bk-argb-cpu-air-cooler/,https://btechcustoms.com/wp-content/uploads/2024/09/DEEPCOOL-Gammaxx-AG400-BK-ARGB-.png
83,Deepcool Gammaxx AG400 WH ARGB 120MM CPU Cooler (White) (R-AG400-WHANMC-G-2),1900,5,https://btechcustoms.com/product/deepcool-gammaxx-ag400-wh-argb-120mm-cpu-cooler-white-r-ag400-whanmc-g-2/,https://btechcustoms.com/wp-content/uploads/2024/09/DEEPCOOL-Gammaxx-AG400-WH-ARGB.png
84,"Deepcool LE520 240mm AIO Liquid Cooler w/ Anti-Leak Tech, High Performance ARGB Fans Black",4200,5,https://btechcustoms.com/product/deepcool-le520-240mm-aio-liquid-cooler-w-anti-leak-tech-high-performance-argb-fans-black/,https://btechcustoms.com/wp-content/uploads/2024/09/DEEPCOOL-LE520-240mm-.png
85,"Deepcool LE520 240mm AIO Liquid Cooler w/ Anti-Leak Tech, High Performance ARGB Fans White",4500,5,https://btechcustoms.com/product/deepcool-le520-240mm-aio-liquid-cooler-w-anti-leak-tech-high-performance-argb-fans-white/,https://btechcustoms.com/wp-content/uploads/2024/09/DEEPCOOL-LE520-WH-240mm-.png
86,Deepcool LS520 SE WH 240MM Liquid CPU Cooler (R-LS520-WHAMMM-G-1),5200,5,https://btechcustoms.com/product/deepcool-ls520-se-wh-240mm-liquid-cpu-cooler-r-ls520-whammm-g-1/,https://btechcustoms.com/wp-content/uploads/2024/09/DEEPCOOL-LS520-SE-Digital-WH-240mm-AIO-CPU-Cooler.png
87,Deepcool LS720 SE Digital 360mm ARGB liquid cooling black,6000,5,https://btechcustoms.com/product/deepcool-ls720-se-digital-360mm-argb-liquid-cooling-black/,https://btechcustoms.com/wp-content/uploads/2024/09/DEEPCOOL-LS720-SE-Digital-360mm-AIO-CPU-Cooler.png
88,Deepcool Macube 110 Micro-ATX Case (Black) (R-MACUBE110-BKNGM1N-G-1),2700,5,https://btechcustoms.com/product/deepcool-macube-110-micro-atx-case-black-r-macube110-bkngm1n-g-1/,https://btechcustoms.com/wp-content/uploads/2024/11/DEEPCOOL-MACUBE-110-BLACK.webp
89,Deepcool Macube 110 Micro-ATX Case (Green) (R-MACUBE110-GBNGM1N-A-1),2999,5,https://btechcustoms.com/product/deepcool-macube-110-micro-atx-case-green-r-macube110-gbngm1n-a-1/,https://btechcustoms.com/wp-content/uploads/2024/11/DEEPCOOL-MACUBE-110-GREEN.webp
90,Deepcool Macube 110 PKRD Micro-ATX Case (Pink) (R-MACUBE110-PRNGM1N-A-1),2999,5,https://btechcustoms.com/product/deepcool-macube-110-pkrd-micro-atx-case-pink-r-macube110-prngm1n-a-1/,https://btechcustoms.com/wp-content/uploads/2024/11/DEEPCOOL-MACUBE-110-PINK.webp
91,DeepCool PIXEL Series Bits For DeepCool Cases Black,300,5,https://btechcustoms.com/product/deepcool-pixel-series-bits-for-deepcool-cases-black/,https://btechcustoms.com/wp-content/uploads/2024/11/DEEPCOOL-PIXEL-BLACK.webp
92,DeepCool PIXEL Series Bits For DeepCool Cases Blue,300,5,https://btechcustoms.com/product/deepcool-pixel-series-bits-for-deepcool-cases-blue/,https://btechcustoms.com/wp-content/uploads/2024/11/DEEPCOOL-PIXEL-BLUE.webp
93,DeepCool PIXEL Series Bits For DeepCool Cases Gray,300,5,https://btechcustoms.com/product/deepcool-pixel-series-bits-for-deepcool-cases-gray/,https://btechcustoms.com/wp-content/uploads/2024/11/DEEPCOOL-PIXEL-GRAY-2.webp
94,DeepCool PIXEL Series Bits For DeepCool Cases Green,300,5,https://btechcustoms.com/product/deepcool-pixel-series-bits-for-deepcool-cases-green/,https://btechcustoms.com/wp-content/uploads/2024/11/DEEPCOOL-PIXEL-GREEN.webp
95,DeepCool PIXEL Series Bits For DeepCool Cases Orange,300,5,https://btechcustoms.com/product/deepcool-pixel-series-bits-for-deepcool-cases-orange/,https://btechcustoms.com/wp-content/uploads/2024/11/DEEPCOOL-PIXEL-ORANGE.webp
96,DeepCool PIXEL Series Bits For DeepCool Cases Pink,300,5,https://btechcustoms.com/product/deepcool-pixel-series-bits-for-deepcool-cases-pink/,https://btechcustoms.com/wp-content/uploads/2024/11/DEEPCOOL-PIXEL-PINK.jpg
97,DeepCool PIXEL Series Bits For DeepCool Cases Purple,300,5,https://btechcustoms.com/product/deepcool-pixel-series-bits-for-deepcool-cases-purple/,https://btechcustoms.com/wp-content/uploads/2024/11/DEEPCOOL-PIXEL-PURPLE.jpg
98,DeepCool PIXEL Series Bits For DeepCool Cases Red,300,5,https://btechcustoms.com/product/deepcool-pixel-series-bits-for-deepcool-cases-red/,https://btechcustoms.com/wp-content/uploads/2024/11/DEEPCOOL-PIXEL-RED.webp
99,DeepCool PIXEL Series Bits For DeepCool Cases White,300,5,https://btechcustoms.com/product/deepcool-pixel-series-bits-for-deepcool-cases-white/,https://btechcustoms.com/wp-content/uploads/2024/11/DEEPCOOL-PIXEL-WHITE.webp
100,DeepCool PIXEL Series Bits For DeepCool Cases Yellow,300,5,https://btechcustoms.com/product/deepcool-pixel-series-bits-for-deepcool-cases-yellow/,https://btechcustoms.com/wp-content/uploads/2024/11/DEEPCOOL-PIXEL-YELLO.jpg
101,DeepCool UD551,999,5,https://btechcustoms.com/product/deepcool-ud551/,
102,DeepCool UL551 ARGB CPU Cooler,999,5,https://btechcustoms.com/product/deepcool-ul551-argb-cpu-cooler/,https://btechcustoms.com/wp-content/uploads/2024/07/DEEP-COOL-UL551.png
103,eam Group MS30 M.2 2280 512GB SATA III TLC Internal Solid State Drive,2200,5,https://btechcustoms.com/product/eam-group-ms30-m2-2280-512gb-sata-iii-tlc-internal-solid-state-drive/,
104,Emaxx B450M PRO AM4 AMD Motherboard EMX-B450M-PRO,3550,5,https://btechcustoms.com/product/emaxx-b450m-pro-am4-amd-motherboard-emx-b450m-pro/,https://btechcustoms.com/wp-content/uploads/2024/10/Emaxx-B450M-PRO-AM4-AMD-Motherboard-EMX-B450M-PRO.png
105,Epson EcoTank L121 A4 Ink Tank Printer,6200,5,https://btechcustoms.com/product/epson-ecotank-l121-a4-ink-tank-printer/,https://btechcustoms.com/wp-content/uploads/2024/07/EPSON-L121.jpg
106,Epson EcoTank L3210 A4 All-in-One Ink Tank Printer,9500,5,https://btechcustoms.com/product/epson-ecotank-l3210-a4-all-in-one-ink-tank-printer/,https://btechcustoms.com/wp-content/uploads/2024/09/EPSON-L3210-3-IN-1-TANK-TYPE.png
107,Epson EcoTank L5290 A4 Wi-Fi All-in-One Ink Tank Printer with ADF,13999,5,https://btechcustoms.com/product/epson-ecotank-l5290-a4-wi-fi-all-in-one-ink-tank-printer-with-adf/,https://btechcustoms.com/wp-content/uploads/2024/09/EPSON-L5290-3-IN-1-TANK-TYPE-WIFI.png
108,ESPORTS SERIES AMD A8-7680,10000,5,https://btechcustoms.com/product/esports-series-amd-a8-7680/,
109,ESPORTS SERIES AMD RYZEN 3 2200G DESKTOP,12999,5,https://btechcustoms.com/product/esports-series-amd-ryzen-3-2200g-desktop/,
110,ESPORTS SERIES AMD RYZEN 5 2400G DESKTOP,13999,5,https://btechcustoms.com/product/esports-series-amd-ryzen-5-2400g-desktop/,
111,ESPORTS SERIES AMD RYZEN 5 4650G DESKTOP,15999,5,https://btechcustoms.com/product/esports-series-amd-ryzen-5-4650g-desktop/,
112,ESPORTS SERIES AMD RYZEN 5 5600G,16999,5,https://btechcustoms.com/product/esports-series-amd-ryzen-5-5600g/,
113,ESPORTS SERIES AMD RYZEN 5 5700G,19499,5,https://btechcustoms.com/product/esports-series-amd-ryzen-5-5700g/,
114,ESPORTS SERIES INTEL CORE I5 10400,18499,5,https://btechcustoms.com/product/esports-series-intel-core-i5-10400/,
115,ESPORTS SERIES INTEL CORE I5 13400,23999,5,https://btechcustoms.com/product/esports-series-intel-core-i5-13400/,
116,ESPORTS SERIES INTEL CORE I7 10700,22499,5,https://btechcustoms.com/product/esports-series-intel-core-i7-10700/,
117,ESPORTS SERIES INTEL CORE I7 13700,34499,5,https://btechcustoms.com/product/esports-series-intel-core-i7-13700/,
118,Extended Mouse Pad,150,5,https://btechcustoms.com/product/extended-mouse-pad/,https://btechcustoms.com/wp-content/uploads/2024/08/Extended-Mouse-Pad.png
119,GALAX Gaming Headset (SNR-03) USB 7.1 Channel RGB,1500,5,https://btechcustoms.com/product/galax-gaming-headset-snr-03-usb-71-channel-rgb/,
120,GALAX Gaming Headset (SNR-04W),1500,5,https://btechcustoms.com/product/galax-gaming-headset-snr-04w/,https://btechcustoms.com/wp-content/uploads/2024/09/GALAX-Gaming-Headset-SNR-04W.png
121,GALAX GeForce GT 730 4GB DDR3,3500,5,https://btechcustoms.com/product/galax-geforce-gt-730-4gb-ddr3/,https://btechcustoms.com/wp-content/uploads/2024/08/GALAX-GT-730-LP.png
122,GALAX GeForce RTX™ 3050 6GB EX,11500,5,https://btechcustoms.com/product/galax-geforce-rtx-3050-6gb-ex/,https://btechcustoms.com/wp-content/uploads/2024/10/GALAX-RTX3050-EX-PCI-E-6GB.png
123,GALAX GeForce RTX™ 3060 Ti (1-Click OC Feature),"23,200.00 Original price was: 23,200.00.19,999.00Current price is: 19,999.00.",5,https://btechcustoms.com/product/galax-geforce-rtx-3060-ti-1-click-oc-feature/,https://btechcustoms.com/wp-content/uploads/2024/07/GALAX-3060Ti-OC.png
124,GALAX GeForce RTX™ 4060 1-Click OC 8GB,16500,5,https://btechcustoms.com/product/galax-geforce-rtx-4060-1-click-oc-8gb/,https://btechcustoms.com/wp-content/uploads/2024/10/GALAX-RTX4060-1-CLICK-OC-BLACK-1X-PCIE-8GB.png
125,Galax HOF ACE M2 Wireless Gaming Mouse,4550,5,https://btechcustoms.com/product/galax-hof-ace-m2-wireless-gaming-mouse/,https://btechcustoms.com/wp-content/uploads/2024/09/GALAX-HOF-ACE-WIRELESS-GAMING-MOUSE.png
126,Galax HOF Maestro (Piano Black) – HOF Gaming,4550,5,https://btechcustoms.com/product/galax-hof-maestro-piano-black--hof-gaming/,https://btechcustoms.com/wp-content/uploads/2024/09/GALAX-HOF-MAESTRO-H1-GLOSS-GAMING-HEADSET.png
127,GALAX REVOLUTION-05,3500,5,https://btechcustoms.com/product/galax-revolution-05/,https://btechcustoms.com/wp-content/uploads/2024/11/GALAX-PC-Case-REV-05-WHITE.jpg
128,Gamdias Apollo WQ35VF 35″ 3440×1440 VA 180Hz 1440P 1MS MPRT Ultrawide Gaming Monitor,17800,5,https://btechcustoms.com/product/gamdias-apollo-wq35vf-35-34401440-va-180hz-1440p-1ms-mprt-ultrawide-gaming-monitor/,
129,Gamdias Atlas HD24CIC 24″ 180hz 1ms Curved (DP/HDMI),6600,5,https://btechcustoms.com/product/gamdias-atlas-hd24cic-24-180hz-1ms-curved-dphdmi/,
130,Gamdias Atlas HD24IF II 24″ 180HZ IPS Gaming Monitor,6400,5,https://btechcustoms.com/product/gamdias-atlas-hd24if-ii-24-180hz-ips-gaming-monitor/,https://btechcustoms.com/wp-content/uploads/2024/09/ATLAS-GAMDIAS-VENUS-HD24IF-II-IPS-180HZ-FHD.png
131,Gamdias Atlas HD27G 27″ II 180HZ FHD Curved Gaming Monitor,7999,5,https://btechcustoms.com/product/gamdias-atlas-hd27g-27-ii-180hz-fhd-curved-gaming-monitor/,
132,GAMDIAS ATLAS Q32VC 31.5″ VA 165Hz Curve Gaming Monitor,14250,5,https://btechcustoms.com/product/gamdias-atlas-q32vc-315-va-165hz-curve-gaming-monitor/,
133,GAMDIAS ATLAS QHD27FIC 27″ 2560 x 1440 IPS 180HZ 1ms MPRT Gaming Monitor,10500,5,https://btechcustoms.com/product/gamdias-atlas-qhd27fic-27-2560-x-1440-ips-180hz-1ms-mprt-gaming-monitor/,
134,Gamdias Monitor Atlas DHD32C “31.5 Curved 240hz VA Gaming Monitor,12350,5,https://btechcustoms.com/product/gamdias-monitor-atlas-dhd32c-315-curved-240hz-va-gaming-monitor/,
135,GeForce RTX™ 4060 Ti WINDFORCE OC 8,25499,5,https://btechcustoms.com/product/geforce-rtx-4060-ti-windforce-oc-8/,
136,Gigabyte B550M Aorus Elite Ultra Durable Motherboard with Pure Digital VRM Solution Socket Am4 Ddr4Gaming Motherboard,6650,5,https://btechcustoms.com/product/gigabyte-b550m-aorus-elite-ultra-durable-motherboard-with-pure-digital-vrm-solution-socket-am4-ddr4gaming-motherboard/,
137,Gigabyte B650M-K DDR5 Motherboard,7650,5,https://btechcustoms.com/product/gigabyte-b650m-k-ddr5-motherboard/,https://btechcustoms.com/wp-content/uploads/2024/10/GIGABYTE-GA-B650M-K-AM5-DDR5-DIGITAL-VRM.png
138,Gigabyte B760 Aorus Elite AX DDR4 Gaming Motherboard,12900,5,https://btechcustoms.com/product/gigabyte-b760-aorus-elite-ax-ddr4-gaming-motherboard/,https://btechcustoms.com/wp-content/uploads/2024/07/B760-AORUS-ELITE.png
139,Gigabyte B760M DS3H AX DDR5 Ultra Durable Motherboard,8800,5,https://btechcustoms.com/product/gigabyte-b760m-ds3h-ax-ddr5-ultra-durable-motherboard/,https://btechcustoms.com/wp-content/uploads/2024/10/GIGABYTE-GA-B760-DS3H-AX-INTEL-LGA1700-DDR5-WIFI.png
140,Gigabyte GeForce RTX™ 4060 Ti AERO OC 8G,28550,5,https://btechcustoms.com/product/gigabyte-geforce-rtx-4060-ti-aero-oc-8g/,https://btechcustoms.com/wp-content/uploads/2024/07/GIGABYTE-4060-TI-AERO.jpg
141,Gigabyte GEN3 2500E 500GB PCIE 3.0 X4 NVME SSD (G325E500G),2200,5,https://btechcustoms.com/product/gigabyte-gen3-2500e-500gb-pcie-30-x4-nvme-ssd-g325e500g/,
142,Gigabyte Radeon™ RX 6600 EAGLE 8GB,13999,5,https://btechcustoms.com/product/gigabyte-radeon-rx-6600-eagle-8gb/,
143,Gigabyte Radeon™ RX 7600 GAMING OC 8G,18750,5,https://btechcustoms.com/product/gigabyte-radeon-rx-7600-gaming-oc-8g/,
144,Gigabyte Z790M Aorus Elite AX ICE LGA 1700 Intel Motherboard,15900,5,https://btechcustoms.com/product/gigabyte-z790m-aorus-elite-ax-ice-lga-1700-intel-motherboard/,https://btechcustoms.com/wp-content/uploads/2024/10/GIGABYTE-AORUS-Z790M-A-ELITE-AX-ICE-LGA-1700-DDR5-WIFI-WHITE.png
145,HOMEBUDDY SERIES AMD A8-7680,8000,5,https://btechcustoms.com/product/homebuddy-series-amd-a8-7680/,
146,HOMEBUDDY SERIES AMD ATHLON 3000G,9999,5,https://btechcustoms.com/product/homebuddy-series-amd-athlon-3000g/,
147,HOMEBUDDY SERIES AMD RYZEN 3 2200G DESKTOP,10999,5,https://btechcustoms.com/product/homebuddy-series-amd-ryzen-3-2200g-desktop/,
148,HOMEBUDDY SERIES AMD RYZEN 5 2400G DESKTOP,11999,5,https://btechcustoms.com/product/homebuddy-series-amd-ryzen-5-2400g-desktop/,
149,HOMEBUDDY SERIES AMD RYZEN 5 4650G,13999,5,https://btechcustoms.com/product/homebuddy-series-amd-ryzen-5-4650g/,
150,HOMEBUDDY SERIES AMD RYZEN 5 5600G,14999,5,https://btechcustoms.com/product/homebuddy-series-amd-ryzen-5-5600g/,
151,HOMEBUDDY SERIES AMD RYZEN 5 5700G DESKTOP,17499,5,https://btechcustoms.com/product/homebuddy-series-amd-ryzen-5-5700g-desktop/,
152,HOMEBUDDY SERIES INTEL CORE I5 10400,16499,5,https://btechcustoms.com/product/homebuddy-series-intel-core-i5-10400/,
153,HOMEBUDDY SERIES INTEL CORE I5 13400,21999,5,https://btechcustoms.com/product/homebuddy-series-intel-core-i5-13400/,
154,HOMEBUDDY SERIES INTEL CORE I7 10700,20499,5,https://btechcustoms.com/product/homebuddy-series-intel-core-i7-10700/,
155,HOMEBUDDY SERIES INTEL CORE I7 13700,32499,5,https://btechcustoms.com/product/homebuddy-series-intel-core-i7-13700/,
156,"Huntkey SZM304-4 , 3-Socket Power Strip Surge Protector",450,5,https://btechcustoms.com/product/huntkey-szm304-4--3-socket-power-strip-surge-protector/,https://btechcustoms.com/wp-content/uploads/2024/08/HUNTKEY-POWER-SURGE-PROTECTOR.png
157,HUTIXI Model HT-WT160 THERMAL GREASE,50,5,https://btechcustoms.com/product/hutixi-model-ht-wt160-thermal-grease/,https://btechcustoms.com/wp-content/uploads/2024/08/THERMAL-PASTE-HUTIXI.png
158,Iinplay Kmt-2 Black DualMonitor Stand Mount for 13″-27″ MONITOR,999,5,https://btechcustoms.com/product/iinplay-kmt-2-black-dualmonitor-stand-mount-for-13-27-monitor/,https://btechcustoms.com/wp-content/uploads/2024/10/INPLAY-KMT-2-BLACK-DUAL-MONITOR-STAND-MOUNT-FOR-13-27-MONITOR.png
159,Inplay C1080E HD Webcam | 1080p,550,5,https://btechcustoms.com/product/inplay-c1080e-hd-webcam--1080p/,https://btechcustoms.com/wp-content/uploads/2024/09/INPLAY-C1080E-HD-Webcam.png
160,INPLAY HN620 v2 Noice Cancelling Headset Black,600,5,https://btechcustoms.com/product/inplay-hn620-v2-noice-cancelling-headset-black/,https://btechcustoms.com/wp-content/uploads/2024/08/INPLAY-HN620-NOISE-CANCELLING-HEADSET-USB-TYPE.png
161,Inplay M02 Case Fan Moon Red,120,5,https://btechcustoms.com/product/inplay-m02-case-fan-moon-red/,
162,Inplay OpenView V100 PC MATX | BLACK,2100,5,https://btechcustoms.com/product/inplay-openview-v100-pc-matx--black/,https://btechcustoms.com/wp-content/uploads/2024/07/ph-11134208-7r98w-lse06bs70nyccb.png
163,INPLAY SEAVIEW S100 BLACK MATX,2200,5,https://btechcustoms.com/product/inplay-seaview-s100-black-matx/,https://btechcustoms.com/wp-content/uploads/2024/07/inplay-seaview-s100-black-.png
164,INPLAY SEAVIEW S100 WHITE,2200,5,https://btechcustoms.com/product/inplay-seaview-s100-white/,https://btechcustoms.com/wp-content/uploads/2024/07/inplay-seaview-s100-WHITE.png
165,Inplay STX540 4in1 (Pink),1000,5,https://btechcustoms.com/product/inplay-stx540-4in1-pink/,https://btechcustoms.com/wp-content/uploads/2024/08/INPLAY-STX540-PINK-4-IN-1-KEYBOARD-MOUSE-COMBO.png
166,Intel Core i3-14100F 4.7GHz LGA 1700 Processor,5750,5,https://btechcustoms.com/product/intel-core-i3-14100f-47ghz-lga-1700-processor/,
167,INTEL CORE I5 10400 GAMING SERIES,19000,5,https://btechcustoms.com/product/intel-core-i5-10400-gaming-series/,https://btechcustoms.com/wp-content/uploads/2024/08/DIWATA-2.png
168,Intel Core i5 14600KF 14th Gen 24M Cache up to 5.30 GHz,18500,5,https://btechcustoms.com/product/intel-core-i5-14600kf-14th-gen-24m-cache-up-to-530-ghz/,
169,Intel Core i5-14400F 4.7GHz LGA 1700 Processor,10300,5,https://btechcustoms.com/product/intel-core-i5-14400f-47ghz-lga-1700-processor/,
170,Lexar® 256GB NM620 M.2 2280 NVMe SSD,1700,5,https://btechcustoms.com/product/lexar-256gb-nm620-m2-2280-nvme-ssd/,
171,Lexar® 512GB NM620 M.2 2280 NVMe SSD,2400,5,https://btechcustoms.com/product/lexar-512gb-nm620-m2-2280-nvme-ssd/,
172,Lexar® 8GB Ares Rgb Ddr4 Desktop Memory 3200mhz,1700,5,https://btechcustoms.com/product/lexar-8gb-ares-rgb-ddr4-desktop-memory-3200mhz/,https://btechcustoms.com/wp-content/uploads/2024/11/LEXAR-ARES-8GB-DDR4-3200MHZ.webp
173,LIAN LI PC O11 DYNAMIC | ATX | WHITE | DUAL CHAMBER |TEMPERED GLASS | PC CASE,9500,5,https://btechcustoms.com/product/lian-li-pc-o11-dynamic--atx--white--dual-chamber-tempered-glass--pc-case/,https://btechcustoms.com/wp-content/uploads/2024/07/O11D-white-side45.jpg
174,LIAN LI TU150 ALUMINIUM TEMPERED GLASS ITX CASE -BLACK COLOR -TU150WX PC CASE,6200,5,https://btechcustoms.com/product/lian-li-tu150-aluminium-tempered-glass-itx-case--black-color--tu150wx-pc-case/,https://btechcustoms.com/wp-content/uploads/2024/07/Screenshot-2024-07-24-204159.png
175,Logitech G102 Lightsync Gaming Mouse (WHITE),1150,5,https://btechcustoms.com/product/logitech-g102-lightsync-gaming-mouse-white/,https://btechcustoms.com/wp-content/uploads/2024/08/LOGITECH-G102-WHITE.png
176,Logitech G102 LIGHTSYNC RGB 6 Button Gaming Mouse (BLACK),1150,5,https://btechcustoms.com/product/logitech-g102-lightsync-rgb-6-button-gaming-mouse-black/,https://btechcustoms.com/wp-content/uploads/2024/09/LOGITECH-G102-LIGHTSYNC-RGB-GAMING-MOUSE-BLACK.png
177,Logitech G304 Lightspeed Wireless Gaming Mouse,2300,5,https://btechcustoms.com/product/logitech-g304-lightspeed-wireless-gaming-mouse/,https://btechcustoms.com/wp-content/uploads/2024/09/LOGITECH-G304-WIRELESS-MOUSE.png
178,Logitech G333 Gaming Earphones with Mic and Dual Drivers,2800,5,https://btechcustoms.com/product/logitech-g333-gaming-earphones-with-mic-and-dual-drivers/,https://btechcustoms.com/wp-content/uploads/2024/09/LOGITECH-G333-EARPHONES.png
179,Logitech G335 Wired Gaming Headset,3200,5,https://btechcustoms.com/product/logitech-g335-wired-gaming-headset/,https://btechcustoms.com/wp-content/uploads/2024/09/LOGITECH-G335-HEADSET.png
180,Logitech G435 Ultra-light Wireless Bluetooth Gaming,3900,5,https://btechcustoms.com/product/logitech-g435-ultra-light-wireless-bluetooth-gaming/,https://btechcustoms.com/wp-content/uploads/2024/09/LOGITECH-4355-HEADSET.png
181,Logitech G435 Ultra-light Wireless Bluetooth Gaming,3700,5,https://btechcustoms.com/product/logitech-g435-ultra-light-wireless-bluetooth-gaming/,https://btechcustoms.com/wp-content/uploads/2024/09/LOGITECH-4355-HEADSET.png
182,Logitech H151 Stereo Headset with Noise-Cancelling Mic,895,5,https://btechcustoms.com/product/logitech-h151-stereo-headset-with-noise-cancelling-mic/,https://btechcustoms.com/wp-content/uploads/2024/08/LOGITECH-H151.png
183,Logitech M170/M171 Wireless Mouse – Comfort and Mobility,599,5,https://btechcustoms.com/product/logitech-m170m171-wireless-mouse--comfort-and-mobility/,
184,Logitech M185 Compact Wireless Mouse,999,5,https://btechcustoms.com/product/logitech-m185-compact-wireless-mouse/,https://btechcustoms.com/wp-content/uploads/2024/09/LOGITECH-M185-MOUSE.png
185,Logitech MK295 Silent Wireless Keyboard Mouse Combo,1550,5,https://btechcustoms.com/product/logitech-mk295-silent-wireless-keyboard-mouse-combo/,https://btechcustoms.com/wp-content/uploads/2024/09/LOGITECH-MK295.png
186,Logitech MK470 Slim Wireless Keyboard and Mouse Combo,2999,5,https://btechcustoms.com/product/logitech-mk470-slim-wireless-keyboard-and-mouse-combo/,https://btechcustoms.com/wp-content/uploads/2024/09/LOGITECH-MK470.png
187,Montech Air 100 Lite Mesh TG Black Case mATX,2600,5,https://btechcustoms.com/product/montech-air-100-lite-mesh-tg-black-case-matx/,https://btechcustoms.com/wp-content/uploads/2024/07/montech-air-100-lite.png
188,Montech Air 100 Lite Mesh TG White Case mATX,2800,5,https://btechcustoms.com/product/montech-air-100-lite-mesh-tg-white-case-matx/,https://btechcustoms.com/wp-content/uploads/2024/07/montech-air-100-lite-white.png
189,Montech Air 1000 Premium Mesh TG Black ATX Case,4200,5,https://btechcustoms.com/product/montech-air-1000-premium-mesh-tg-black-atx-case/,https://btechcustoms.com/wp-content/uploads/2024/07/montech-air-premium-black.png
190,Montech Air 1000 Premium Mesh TG White ATX Case,4300,5,https://btechcustoms.com/product/montech-air-1000-premium-mesh-tg-white-atx-case/,https://btechcustoms.com/wp-content/uploads/2024/07/montech-air-premium-white.png
191,MP33 PRO M.2 PCIe SSD 1TB,4200,5,https://btechcustoms.com/product/mp33-pro-m2-pcie-ssd-1tb/,
192,MSI G24C4 E2 23.6″ FHD 180HZ 1MS VA Esports Gaming Monitor,9999,5,https://btechcustoms.com/product/msi-g24c4-e2-236-fhd-180hz-1ms-va-esports-gaming-monitor/,
193,MSI G274QPF E2 27″ WQHD (2560×1440) 180Hz 1ms GTG Rapid IPS Gaming Monitor,17300,5,https://btechcustoms.com/product/msi-g274qpf-e2-27-wqhd-25601440-180hz-1ms-gtg-rapid-ips-gaming-monitor/,
194,Nexion GH-03 RGB Gaming Headset,450,5,https://btechcustoms.com/product/nexion-gh-03-rgb-gaming-headset/,https://btechcustoms.com/wp-content/uploads/2024/08/NEXION-GH-03-HEADSET.png
195,NEXION GK-130 USB Keyboard and Mouse Black,500,5,https://btechcustoms.com/product/nexion-gk-130-usb-keyboard-and-mouse-black/,https://btechcustoms.com/wp-content/uploads/2024/08/NEXION-GK-130-2-IN-1-KEYBOARD-MOUSE-BLACK.png
196,North Bayou F80 Gas-Strut Flexi Mount Desktop 17-30 Inch Monitor Arm (Black),1250,5,https://btechcustoms.com/product/north-bayou-f80-gas-strut-flexi-mount-desktop-17-30-inch-monitor-arm-black/,https://btechcustoms.com/wp-content/uploads/2024/09/NORTH-BAYOU-DESK-MOUNT-STAND-NB-F80-17-30.png
197,nplay KMT-4 Monitor Stand With Laptop Tray Dual Arm Desk Mount Fully Adjustable Monitor Mount,1250,5,https://btechcustoms.com/product/nplay-kmt-4-monitor-stand-with-laptop-tray-dual-arm-desk-mount-fully-adjustable-monitor-mount/,https://btechcustoms.com/wp-content/uploads/2024/10/INPLAY-KMT-4-BLACK-MONITOR-w-LAPTOP-TRAY-STAND-MOUNT.png
198,Nvision ES27G1 PRO 27″ 180Hz Curved Va Panel Gaming Monitor,7500,5,https://btechcustoms.com/product/nvision-es27g1-pro-27-180hz-curved-va-panel-gaming-monitor/,https://btechcustoms.com/wp-content/uploads/2024/07/NVISION-ES27G1-1.png
199,NVISION ES32G1-Pro 32″ 180Hz VA Curved,9800,5,https://btechcustoms.com/product/nvision-es32g1-pro-32-180hz-va-curved/,https://btechcustoms.com/wp-content/uploads/2024/10/NVISION-ES32G1-PRO-32-FHD-180HZ-CURVE-RGB-BLACK.png
200,Nvision IN27FGP 27″ PINK 165Hz 1920×1080 Curved Gaming Monitor,7999,5,https://btechcustoms.com/product/nvision-in27fgp-27-pink-165hz-19201080-curved-gaming-monitor/,
201,Nvision IN27FGW 27″ 165Hz FHD Curved 1800R VA Panel Monitor,7999,5,https://btechcustoms.com/product/nvision-in27fgw-27-165hz-fhd-curved-1800r-va-panel-monitor/,https://btechcustoms.com/wp-content/uploads/2024/07/NVISION-IN27FGW.png
202,Nvision N200V8 20″ LED Monitor,2250,5,https://btechcustoms.com/product/nvision-n200v8-20-led-monitor/,https://btechcustoms.com/wp-content/uploads/2024/07/NVISION-N200V8.png
203,Nvision N2455PRO 100Hz IPS Panel 23.8″ Monitor Black,3750,5,https://btechcustoms.com/product/nvision-n2455pro-100hz-ips-panel-238-monitor-black/,
204,Nvision N2755 27″ IPS 100Hz IPS Monitor Black,5500,5,https://btechcustoms.com/product/nvision-n2755-27-ips-100hz-ips-monitor-black/,
205,Nvision N2755-Pro 27″ 1920 x 1080 100Hz IPS Monitor White,5500,5,https://btechcustoms.com/product/nvision-n2755-pro-27-1920-x-1080-100hz-ips-monitor-white/,https://btechcustoms.com/wp-content/uploads/2024/08/NVISION-N2755-PRO-24-INCHES-WHITE.png
206,NZXT H210i Black Mini-ITX PC Gaming Case CA-H210i-B1,6200,5,https://btechcustoms.com/product/nzxt-h210i-black-mini-itx-pc-gaming-case-ca-h210i-b1/,https://btechcustoms.com/wp-content/uploads/2024/07/NZXT-H210i.jpg
207,NZXT H210i Black/White Mini-ITX PC Gaming Case CA-H210i-W1,6200,5,https://btechcustoms.com/product/nzxt-h210i-blackwhite-mini-itx-pc-gaming-case-ca-h210i-w1/,
208,NZXT H510i Compact ATX Mid Tower PC Gaming Case Vertical GPU Mount Tempered Glass Side Panel Black White,6100,5,https://btechcustoms.com/product/nzxt-h510i-compact-atx-mid-tower-pc-gaming-case-vertical-gpu-mount-tempered-glass-side-panel-black-white/,https://btechcustoms.com/wp-content/uploads/2024/07/71cETrgYI8L._SL1500_.jpg
209,NZXT H6 Flow RGB Compact Dual-Chamber Mid-Tower Airflow Case with RGB Fans | Black,7600,5,https://btechcustoms.com/product/nzxt-h6-flow-rgb-compact-dual-chamber-mid-tower-airflow-case-with-rgb-fans--black/,https://btechcustoms.com/wp-content/uploads/2024/07/Screenshot-2024-07-24-192716.png
210,NZXT H6 Flow TG Compact Dual-Chamber ATX Mid-Tower Airflow Case | Black,5900,5,https://btechcustoms.com/product/nzxt-h6-flow-tg-compact-dual-chamber-atx-mid-tower-airflow-case--black/,https://btechcustoms.com/wp-content/uploads/2024/07/Screenshot-2024-07-24-194047.png
211,NZXT H6 Flow TG Compact Dual-Chamber ATX Mid-Tower Airflow Case | White,5900,5,https://btechcustoms.com/product/nzxt-h6-flow-tg-compact-dual-chamber-atx-mid-tower-airflow-case--white/,
212,Ocypus Delta F12 120MM ARGB PWM FAN Black,700,5,https://btechcustoms.com/product/ocypus-delta-f12-120mm-argb-pwm-fan-black/,https://btechcustoms.com/wp-content/uploads/2024/11/OCYPUS-DELTA-F12-ARGB-BLACK-120MM.webp
213,Ocypus Delta F12 120MM ARGB PWM FAN White,700,5,https://btechcustoms.com/product/ocypus-delta-f12-120mm-argb-pwm-fan-white/,https://btechcustoms.com/wp-content/uploads/2024/11/OCYPUS-DELTA-F12-ARGB-WHITE-120MM.webp
214,Ocypus Gamma C50 High Airflow Front Panel Matx Case Black,1850,5,https://btechcustoms.com/product/ocypus-gamma-c50-high-airflow-front-panel-matx-case-black/,https://btechcustoms.com/wp-content/uploads/2024/11/OCYPUS-GAMMA-C50-HIGH-AIRFLOW-FRONT-PANEL-MATX-BLACK-1.webp
215,Ocypus Gamma C50 High Airflow Front Panel Matx Case White,1850,5,https://btechcustoms.com/product/ocypus-gamma-c50-high-airflow-front-panel-matx-case-white/,https://btechcustoms.com/wp-content/uploads/2024/11/OCYPUS-GAMMA-C50-HIGH-AIRFLOW-FRONT-PANEL-MATX-BLACK.webp
216,Ocypus Gamma F12 120mm Case FAN Black,250,5,https://btechcustoms.com/product/ocypus-gamma-f12-120mm-case-fan-black/,https://btechcustoms.com/wp-content/uploads/2024/11/OCYPUS-GAMMA-F12-BLACK-120MM.webp
217,Ocypus Gamma F12 120mm Case FAN White,200,5,https://btechcustoms.com/product/ocypus-gamma-f12-120mm-case-fan-white/,https://btechcustoms.com/wp-content/uploads/2024/11/OCYPUS-GAMMA-F12-WHITE-120MM.webp
218,Ocypus Gamma F12 ARGB 120MM PWM Fan – Single Pack Black,320,5,https://btechcustoms.com/product/ocypus-gamma-f12-argb-120mm-pwm-fan--single-pack-black/,https://btechcustoms.com/wp-content/uploads/2024/11/OCYPUS-GAMMA-F12-ARGB-BLACK-120MM.webp
219,Ocypus Gamma F12 ARGB 120MM PWM Fan – Single Pack White,320,5,https://btechcustoms.com/product/ocypus-gamma-f12-argb-120mm-pwm-fan--single-pack-white/,https://btechcustoms.com/wp-content/uploads/2024/11/OCYPUS-GAMMA-F12-ARGB-WHITE-120MM.webp
220,Ocypus Iota A62 Dual Fan CPU Air Cooler Black,3600,5,https://btechcustoms.com/product/ocypus-iota-a62-dual-fan-cpu-air-cooler-black/,https://btechcustoms.com/wp-content/uploads/2024/11/OCYPUS-IOTA-A62-BK-CPU-COOLER-DUAL-120MM-FAN.webp
221,Ocypus Iota A62 Dual Fan CPU Air Cooler White,3600,5,https://btechcustoms.com/product/ocypus-iota-a62-dual-fan-cpu-air-cooler-white/,https://btechcustoms.com/wp-content/uploads/2024/11/OCYPUS-IOTA-A62-WH-CPU-COOLER-DUAL-120MM-FAN.webp
222,Ocypus Iota L24 240mm AIO Liquid CPU Cooler with Digital Display Black,4700,5,https://btechcustoms.com/product/ocypus-iota-l24-240mm-aio-liquid-cpu-cooler-with-digital-display-black/,https://btechcustoms.com/wp-content/uploads/2024/11/OCYPUS-IOTA-L24-BK-AIO-LIQUID-CPU-COOLER.webp
223,Ocypus Iota L24 240mm AIO Liquid CPU Cooler with Digital Display White,4700,5,https://btechcustoms.com/product/ocypus-iota-l24-240mm-aio-liquid-cpu-cooler-with-digital-display-white/,https://btechcustoms.com/wp-content/uploads/2024/11/OCYPUS-IOTA-L24-WH-AIO-LIQUID-CPU-COOLER.webp
224,Ocypus Iota L36 360mm AIO Liquid CPU Cooler with Digital Display Black,5300,5,https://btechcustoms.com/product/ocypus-iota-l36-360mm-aio-liquid-cpu-cooler-with-digital-display-black/,https://btechcustoms.com/wp-content/uploads/2024/11/OCYPUS-IOTA-L36-BK-AIO-LIQUID-CPU-COOLER.webp
225,Ocypus Iota L36 360mm AIO Liquid CPU Cooler with Digital Display White,5300,5,https://btechcustoms.com/product/ocypus-iota-l36-360mm-aio-liquid-cpu-cooler-with-digital-display-white/,https://btechcustoms.com/wp-content/uploads/2024/11/OCYPUS-IOTA-L36-WH-AIO-LIQUID-CPU-COOLER.webp
226,OMNIA O27IHC 27″ FHD IPS 100Hz 1ms LED Monitor (Silver),6500,5,https://btechcustoms.com/product/omnia-o27ihc-27-fhd-ips-100hz-1ms-led-monitor-silver/,https://btechcustoms.com/wp-content/uploads/2024/07/Omnia-O27IHC-27.png
227,ORICO 2.5 inch USB3.0 Hard Drive Enclosure,560,5,https://btechcustoms.com/product/orico-25-inch-usb30-hard-drive-enclosure/,
228,ORICO 2.5 inch USB3.0 Hard Drive Enclosure (2588US3) Blue,550,5,https://btechcustoms.com/product/orico-25-inch-usb30-hard-drive-enclosure-2588us3-blue/,
229,ORICO 2.5 inch USB3.0 Hard Drive Enclosure (2588US3) Orange,550,5,https://btechcustoms.com/product/orico-25-inch-usb30-hard-drive-enclosure-2588us3-orange/,
230,Orico 2.5 inch USB3.0 Hard Drive Enclosure Orico-2588US3-V1 Black,550,5,https://btechcustoms.com/product/orico-25-inch-usb30-hard-drive-enclosure-orico-2588us3-v1-black/,
231,ORICO 2.5” Type-C Portable Hard Drive Enclosure (Black) (2521C3),550,5,https://btechcustoms.com/product/orico-25-type-c-portable-hard-drive-enclosure-black-2521c3/,
232,ORICO 2.5/3.5” Hard Drive Dock (Black) (6218US3),950,5,https://btechcustoms.com/product/orico-2535-hard-drive-dock-black-6218us3/,
233,ORICO 4 Port USB 3.0 HUB W5P-U3-030-BK-BP,580,5,https://btechcustoms.com/product/orico-4-port-usb-30-hub-w5p-u3-030-bk-bp/,
234,ORICO NVME M.2 SSD Enclosure (Black) (M2PV-C3),1350,5,https://btechcustoms.com/product/orico-nvme-m2-ssd-enclosure-black-m2pv-c3/,
235,ORICO NVME M.2 SSD Enclosure (Silver) (TCM2-C3),1450,5,https://btechcustoms.com/product/orico-nvme-m2-ssd-enclosure-silver-tcm2-c3/,
236,Palit GeForce RTX™ 3050 Dual,11500,5,https://btechcustoms.com/product/palit-geforce-rtx-3050-dual/,https://btechcustoms.com/wp-content/uploads/2024/08/PALIT-GeForce-RTX™-3050-Dual.png
237,Phanteks White 500mm Cable Kit,1850,5,https://btechcustoms.com/product/phanteks-white-500mm-cable-kit/,https://btechcustoms.com/wp-content/uploads/2024/08/PHANTEKS-EXTENSION-CABLE-WHITE.png
238,Radeon Rx580 Ramsta 8gb Gddr5 Dual Fan,5750,5,https://btechcustoms.com/product/radeon-rx580-ramsta-8gb-gddr5-dual-fan/,https://btechcustoms.com/wp-content/uploads/2024/10/RAMSTA-RX580-8GB-DDR5.png
239,Ramsta DDR4 16GB Sodimm Ram 3200mhz Auto Compatible | Laptop Memory,2000,5,https://btechcustoms.com/product/ramsta-ddr4-16gb-sodimm-ram-3200mhz-auto-compatible--laptop-memory/,https://btechcustoms.com/wp-content/uploads/2024/07/RAMSTA-SKWOLF-4GB-8GB-DDR3-SODIMM-1.png
240,Ramsta DDR4 4GB Ram 2666MHz Auto Compatible For Laptop Memory Notebook,1250,5,https://btechcustoms.com/product/ramsta-ddr4-4gb-ram-2666mhz-auto-compatible-for-laptop-memory-notebook/,https://btechcustoms.com/wp-content/uploads/2024/07/RAMSTA-4GB-DDR4-SODIMM.png
241,Ramsta DDR4 8GB Ram 2666MHz Auto Compatible For Laptop Memory Notebook,1500,5,https://btechcustoms.com/product/ramsta-ddr4-8gb-ram-2666mhz-auto-compatible-for-laptop-memory-notebook/,https://btechcustoms.com/wp-content/uploads/2024/07/RAMSTA-8GB-DDR4-SODIMM.png
242,Ramsta RG1000 1000W 80+ Gold Fully Modular Power Supply,5000,5,https://btechcustoms.com/product/ramsta-rg1000-1000w-80-gold-fully-modular-power-supply/,https://btechcustoms.com/wp-content/uploads/2024/07/RAMSTA-1000W-GOLD.jpg
243,Ramsta RS-A320MP A320M AMD M.2 Socket AM4 Motherboard DC,3100,5,https://btechcustoms.com/product/ramsta-rs-a320mp-a320m-amd-m2-socket-am4-motherboard-dc/,
244,Ramsta skywolf DDR3 DDR4 4GB Sodimm Ram 1600mhz,800,5,https://btechcustoms.com/product/ramsta-skywolf-ddr3-ddr4-4gb-sodimm-ram-1600mhz/,
245,Ramsta skywolf DDR3 DDR4 8GB Sodimm Ram 1600mhz,980,5,https://btechcustoms.com/product/ramsta-skywolf-ddr3-ddr4-8gb-sodimm-ram-1600mhz/,https://btechcustoms.com/wp-content/uploads/2024/07/RAMSTA-SKWOLF-4GB-8GB-DDR3-SODIMM.png
246,RED DRAGON H260RGB HYLAS GAMING HEADSET,999,5,https://btechcustoms.com/product/red-dragon-h260rgb-hylas-gaming-headset/,
247,Redragon Cobra Gaming Mouse (M711-2),1100,5,https://btechcustoms.com/product/redragon-cobra-gaming-mouse-m711-2/,https://btechcustoms.com/wp-content/uploads/2024/08/RED-DRAGON-M711-2-COBRA-GAMING-MOUSE.png
248,Redragon GM100 Gaming Stream Microphone,1400,5,https://btechcustoms.com/product/redragon-gm100-gaming-stream-microphone/,https://btechcustoms.com/wp-content/uploads/2024/08/REDRAGON-MICROPHONE-GM100-SEYFERT.png
249,Redragon H510 Zeus-X RGB Wired Gaming Headset – 7.1 Surround Sound,2500,5,https://btechcustoms.com/product/redragon-h510-zeus-x-rgb-wired-gaming-headset--71-surround-sound/,
250,Redragon Hylas RGB Gaming Headset White (H260-W),1000,5,https://btechcustoms.com/product/redragon-hylas-rgb-gaming-headset-white-h260-w/,https://btechcustoms.com/wp-content/uploads/2024/08/REDRAGON-HEADSET-H260-W-WHITE-HYLAS.png
251,Redragon Ingrid Laptop Cooler (GCP511),1450,5,https://btechcustoms.com/product/redragon-ingrid-laptop-cooler-gcp511/,https://btechcustoms.com/wp-content/uploads/2024/08/REDRAGON-LAPTOP-COOLER-GCP511-BLACK-INGRID.png
252,Redragon K552-BB 4 in 1 keyboard/mouse/headeset/mouse pad,2900,5,https://btechcustoms.com/product/redragon-k552-bb-4-in-1-keyboardmouseheadesetmouse-pad/,
253,Redragon M607 Griffin 7200 DPI RGB Gaming Mouse,900,5,https://btechcustoms.com/product/redragon-m607-griffin-7200-dpi-rgb-gaming-mouse/,https://btechcustoms.com/wp-content/uploads/2024/08/RED-DRAGON-M607-GRIFFIN-GAMING-MOUSE.png
254,"Redragon M808 Storm Lightweight RGB Gaming Mouse, 85g Ultralight Honeycomb Shell",1100,5,https://btechcustoms.com/product/redragon-m808-storm-lightweight-rgb-gaming-mouse-85g-ultralight-honeycomb-shell/,https://btechcustoms.com/wp-content/uploads/2024/08/RED-DRAGON-M808-RGB-STORM-HONEYCOMB-GAMING-MOUSE.png
255,RK G68 Black/Red Keycap Wireless RGB Keyboard Huano-Blue Switch,3100,5,https://btechcustoms.com/product/rk-g68-blackred-keycap-wireless-rgb-keyboard-huano-blue-switch/,
256,RK G68 Gray/Yellow Keycap Wireless RGB Mechanical Keyboard Huano – Brown Switch,3100,5,https://btechcustoms.com/product/rk-g68-grayyellow-keycap-wireless-rgb-mechanical-keyboard-huano--brown-switch/,
257,RK G68 Gray/Yellow Keycap Wireless RGB Mechanical Keyboard Huano-Blue Switch,3100,5,https://btechcustoms.com/product/rk-g68-grayyellow-keycap-wireless-rgb-mechanical-keyboard-huano-blue-switch/,
258,"RK ROYAL KLUDGE 60% Mechanical Keyboard RK61 Pro, Wireless Gaming Keyboard Aluminum Frame, BT/Wired RGB Keyboard Bluetooth, PBT 61 Keys Mechanical Keyboard Hot Swappable, Gateron Blue Switch, White",4500,5,https://btechcustoms.com/product/rk-royal-kludge-60-mechanical-keyboard-rk61-pro-wireless-gaming-keyboard-aluminum-frame-btwired-rgb-keyboard-bluetooth-pbt-61-keys-mechanical-keyboard-hot-swappable-gateron-blue-switch-white/,
259,"RK ROYAL KLUDGE 60% Mechanical Keyboard RK61 Pro, Wireless Gaming Keyboard Aluminum Frame, BT/Wired RGB Keyboard Bluetooth, PBT 61 Keys Mechanical Keyboard Hot Swappable, Gateron Brown Switch, White",4500,5,https://btechcustoms.com/product/rk-royal-kludge-60-mechanical-keyboard-rk61-pro-wireless-gaming-keyboard-aluminum-frame-btwired-rgb-keyboard-bluetooth-pbt-61-keys-mechanical-keyboard-hot-swappable-gateron-brown-switch-white/,
260,"Royal Kludge – RK919, Black, Wired, RGB, Huano – Blue Switch",2500,5,https://btechcustoms.com/product/royal-kludge--rk919-black-wired-rgb-huano--blue-switch/,https://btechcustoms.com/wp-content/uploads/2024/11/ROYAL-KLUDGE-RK919-BLACK-WIRED-RGB-HUANO-BLUE-BROWN.jpg
261,"Royal Kludge – RK919, Black, Wired, RGB, Huano – Brown Switch",2500,5,https://btechcustoms.com/product/royal-kludge--rk919-black-wired-rgb-huano--brown-switch/,https://btechcustoms.com/wp-content/uploads/2024/11/ROYAL-KLUDGE-RK919-BLACK-WIRED-RGB-HUANO-BLUE-BROWN-1.jpg
262,Royal Kludge G68 Black Wireless RGB Huano Blue Switch,2999,5,https://btechcustoms.com/product/royal-kludge-g68-black-wireless-rgb-huano-blue-switch/,https://btechcustoms.com/wp-content/uploads/2024/08/RK-G68-BLACK-RED-WIRELESS-HUANO-RGB-BLUE.png
263,Royal Kludge G68 Black Wireless RGB Huano Blue Switch,3100,5,https://btechcustoms.com/product/royal-kludge-g68-black-wireless-rgb-huano-blue-switch/,https://btechcustoms.com/wp-content/uploads/2024/08/RK-G68-BLACK-RED-WIRELESS-HUANO-RGB-BLUE.png
264,Royal Kludge G68 Black/Red wireless RGB Huano Brown,3100,5,https://btechcustoms.com/product/royal-kludge-g68-blackred-wireless-rgb-huano-brown/,
265,Royal Kludge G68 Full Black wireless RGB Huano Brown,2999,5,https://btechcustoms.com/product/royal-kludge-g68-full-black-wireless-rgb-huano-brown/,https://btechcustoms.com/wp-content/uploads/2024/11/ROYAL-KLUDGE-RK-G68-BLACK-WIRELESS-RGB-HUANO-BLUE-1.webp
266,Royal Kludge G68 White Wireless RGB Huano Blue Switch,2999,5,https://btechcustoms.com/product/royal-kludge-g68-white-wireless-rgb-huano-blue-switch/,https://btechcustoms.com/wp-content/uploads/2024/11/ROYAL-KLUDGE-RK-G68-WHITE-WIRELESS-RGB-HUANO-BLUE-BROWN.webp
267,Royal Kludge G68 White Wireless RGB Huano Brown Switch,2999,5,https://btechcustoms.com/product/royal-kludge-g68-white-wireless-rgb-huano-brown-switch/,https://btechcustoms.com/wp-content/uploads/2024/11/ROYAL-KLUDGE-RK-G68-WHITE-WIRELESS-RGB-HUANO-BLUE-BROWN-1.webp
268,Royal Kludge RK61 Pro Tri-Mode RGB 61 Keys Hot Swappable Mechanical Keyboard Silver/White (Gateron Blue Switch),4500,5,https://btechcustoms.com/product/royal-kludge-rk61-pro-tri-mode-rgb-61-keys-hot-swappable-mechanical-keyboard-silverwhite-gateron-blue-switch/,
269,Royal Kludge RK61 Trimode Brown switch Mechanical Keyboard Black,2400,5,https://btechcustoms.com/product/royal-kludge-rk61-trimode-brown-switch-mechanical-keyboard-black/,https://btechcustoms.com/wp-content/uploads/2024/11/ROYAL-KLUDGE-RK61-BLACK-WIRELESS-RGB-HUANO-BROWN.webp
270,Royal Kludge RK61 Trimode Brown switch Mechanical Keyboard White,2400,5,https://btechcustoms.com/product/royal-kludge-rk61-trimode-brown-switch-mechanical-keyboard-white/,https://btechcustoms.com/wp-content/uploads/2024/11/ROYAL-KLUDGE-RK61-WHITE-WIRELESS-RGB-HUANO-BROWN.jpg
271,Royal Kludge RK71 Dual-Mode RGB 71 Keys Hot Swappable Mechanical Keyboard Black (Blue Switch),2350,5,https://btechcustoms.com/product/royal-kludge-rk71-dual-mode-rgb-71-keys-hot-swappable-mechanical-keyboard-black-blue-switch/,https://btechcustoms.com/wp-content/uploads/2024/08/RK71-BLACK-WIRELESS-HUANO-RGB-BLUE.png
272,Royal Kludge RK71 Tri-Mode RGB 71 Keys Hot Swappable Mechanical Keyboard Black (Blue Switch),2400,5,https://btechcustoms.com/product/royal-kludge-rk71-tri-mode-rgb-71-keys-hot-swappable-mechanical-keyboard-black-blue-switch/,https://btechcustoms.com/wp-content/uploads/2024/11/ROYAL-KLUDGE-RK71-BLACK-WIRELESS-RGB-HUANO-BLUE.webp
273,Royal Kludge RK71 Tri-Mode RGB 71 Keys Hot Swappable Mechanical Keyboard White (Blue Switch),2400,5,https://btechcustoms.com/product/royal-kludge-rk71-tri-mode-rgb-71-keys-hot-swappable-mechanical-keyboard-white-blue-switch/,https://btechcustoms.com/wp-content/uploads/2024/11/ROYAL-KLUDGE-RK71-WHITE-WIRELESS-RGB-HUANO-BLUE.webp
274,Ryzen 5 5600G w/ Wraith Cooler Tray DC,7300,5,https://btechcustoms.com/product/ryzen-5-5600g-w-wraith-cooler-tray-dc/,
275,Ryzen 7 5700g w/ Wraith Cooler Tray DC,9200,5,https://btechcustoms.com/product/ryzen-7-5700g-w-wraith-cooler-tray-dc/,
276,SAPPHIRE PURE RX 7700 XT 12GB GDDR6,28999,5,https://btechcustoms.com/product/sapphire-pure-rx-7700-xt-12gb-gddr6/,https://btechcustoms.com/wp-content/uploads/2024/07/SAPPHIRE-PURE-RX-7700-XT-12GB-GDDR6.png
277,Secure UPS-1500VA,3200,5,https://btechcustoms.com/product/secure-ups-1500va/,https://btechcustoms.com/wp-content/uploads/2024/07/SCEURE-UPS-1500VA.jpg
278,Secure UPS-3000VA,5500,5,https://btechcustoms.com/product/secure-ups-3000va/,https://btechcustoms.com/wp-content/uploads/2024/07/SECURE-UPS-3000VA.png
279,Skihotar Desktop RAM DDR3 8GB 1600Mhz,1250,5,https://btechcustoms.com/product/skihotar-desktop-ram-ddr3-8gb-1600mhz/,https://btechcustoms.com/wp-content/uploads/2024/07/SKIHOTAR-8GB-RAM-DDR3.png
280,Soul Battleship mATX Gaming PC Case,6500,5,https://btechcustoms.com/product/soul-battleship-matx-gaming-pc-case/,https://btechcustoms.com/wp-content/uploads/2024/07/Gaming-PC5.jpg
281,T-Force Delta RGB DDR5 Ram 32GB (2x16GB) 6000MHz Black,6600,5,https://btechcustoms.com/product/t-force-delta-rgb-ddr5-ram-32gb-2x16gb-6000mhz-black/,https://btechcustoms.com/wp-content/uploads/2024/11/T-FORCE-DELTA-DDR5-16GB-2X8GB-6000MHZ-BLACK.jpg
282,Team Elite 8gb 3200Mhz Ddr4 Memory,1500,5,https://btechcustoms.com/product/team-elite-8gb-3200mhz-ddr4-memory/,
283,Team Elite Dddr4 2666Mhz 4GB Sodimm (Laptop Ram),1250,5,https://btechcustoms.com/product/team-elite-dddr4-2666mhz-4gb-sodimm-laptop-ram/,
284,Team Elite GX2 128GB Sata III 2.5 Solid State Drive,1000,5,https://btechcustoms.com/product/team-elite-gx2-128gb-sata-iii-25-solid-state-drive/,
285,Team Group GX2 1TB Sata III 2.5 Solid State Drive,4200,5,https://btechcustoms.com/product/team-group-gx2-1tb-sata-iii-25-solid-state-drive/,
286,"Team Group GX2 256gb SATA 2.5 Faster Booting & File Transferring, Windows 10/11 Compatible ,Light weight Solid State Drive",1500,5,https://btechcustoms.com/product/team-group-gx2-256gb-sata-25-faster-booting--file-transferring-windows-1011-compatible-light-weight-solid-state-drive/,
287,Team Group GX2 2TB SATA III Internal Solid State Drive (SSD),6900,5,https://btechcustoms.com/product/team-group-gx2-2tb-sata-iii-internal-solid-state-drive-ssd/,https://btechcustoms.com/wp-content/uploads/2024/07/1TB-2TB-SSD-GX2-TEAM-GROUP-1.png
288,Team Group GX2 512GB Sata III 2.5 Solid State Drive,2200,5,https://btechcustoms.com/product/team-group-gx2-512gb-sata-iii-25-solid-state-drive/,
289,Team Group MP33 PRO 1TB M.2 PCIe Gen3.0 x4 NVME 1.3 Solid State Drive,3800,5,https://btechcustoms.com/product/team-group-mp33-pro-1tb-m2-pcie-gen30-x4-nvme-13-solid-state-drive/,
290,Team Group MS30 M.2 2280 1TB SATA III TLC SSD,4200,5,https://btechcustoms.com/product/team-group-ms30-m2-2280-1tb-sata-iii-tlc-ssd/,
291,Team Group MS30 M.2 2280 256GB SATA III TLC Internal Solid State Drive,1500,5,https://btechcustoms.com/product/team-group-ms30-m2-2280-256gb-sata-iii-tlc-internal-solid-state-drive/,
292,Team Group T-CREATE CLASSIC SSD 1TB M.2 Nvme Gen3x4,4200,5,https://btechcustoms.com/product/team-group-t-create-classic-ssd-1tb-m2-nvme-gen3x4/,
293,TeamGroup C175 ECO USB 3.2 Gen1 Flash Drive,350,5,https://btechcustoms.com/product/teamgroup-c175-eco-usb-32-gen1-flash-drive/,
294,Teamgroup MP33 512GB M.2 PCIe SSD Solid State Drive,2500,5,https://btechcustoms.com/product/teamgroup-mp33-512gb-m2-pcie-ssd-solid-state-drive/,
295,TeamGroup MP44L 500GB M.2 PCIe 4.0 Gen 4×4 Solid State Drive,3300,5,https://btechcustoms.com/product/teamgroup-mp44l-500gb-m2-pcie-40-gen-44-solid-state-drive/,
296,Teamgroup T-Create Expert 16GB (2X8GB) DDR4 3600MHZ CL18-22-22-42 1.35V Desktop Memory (Titanium Grey) (TTCED416G3600HC18JDC01),2400,5,https://btechcustoms.com/product/teamgroup-t-create-expert-16gb-2x8gb-ddr4-3600mhz-cl18-22-22-42-135v-desktop-memory-titanium-grey-ttced416g3600hc18jdc01/,
297,TeamGroup T-Force Cardea Z440 Lite M.2 2280 1TB PCIe Gen4 x4 NVMe 5000MB/s Read Gaming SSD with Graphene Heat Sink (TM8FFT001T0C129),4200,5,https://btechcustoms.com/product/teamgroup-t-force-cardea-z440-lite-m2-2280-1tb-pcie-gen4-x4-nvme-5000mbs-read-gaming-ssd-with-graphene-heat-sink-tm8fft001t0c129/,
298,TeamGroup T-Force Cardea Z440 Lite M.2 2280 500GB PCIe Gen4 x4 NVMe 5000MB/s Read Gaming SSD with Graphene Heat Sink (TM8FFT500G0C129),2900,5,https://btechcustoms.com/product/teamgroup-t-force-cardea-z440-lite-m2-2280-500gb-pcie-gen4-x4-nvme-5000mbs-read-gaming-ssd-with-graphene-heat-sink-tm8fft500g0c129/,
299,TEAMGROUP T-Force Delta RGB DDR4 16GB (2x8GB) 3600MHz (PC4-28800) CL18 Desktop Gaming Memory Module Ram Black – TF3D416G3600HC18JDC01,3500,5,https://btechcustoms.com/product/teamgroup-t-force-delta-rgb-ddr4-16gb-2x8gb-3600mhz-pc4-28800-cl18-desktop-gaming-memory-module-ram-black--tf3d416g3600hc18jdc01/,https://btechcustoms.com/wp-content/uploads/2024/09/T-FORCE-DELTA-DDR4-16GB-KIT-2X8-3600MHZ-BLACK.png
300,TEAMGROUP T-Force Delta RGB DDR4 16GB (2x8GB) 3600MHz (PC4-28800) CL18 Desktop Gaming Memory Module Ram TF4D416G3600HC18JDC01 – White,3500,5,https://btechcustoms.com/product/teamgroup-t-force-delta-rgb-ddr4-16gb-2x8gb-3600mhz-pc4-28800-cl18-desktop-gaming-memory-module-ram-tf4d416g3600hc18jdc01--white/,https://btechcustoms.com/wp-content/uploads/2024/09/T-FORCE-DELTA-DDR4-16GB-2X8GB-3600MHZ-WHITE.png
301,TEAMGROUP T-Force Delta RGB DDR4 32GB (2x16GB) 3600MHz (PC4-28800) CL18 Desktop Gaming Memory Module Ram TF3D432G3600HC18JDC01 – Black,6500,5,https://btechcustoms.com/product/teamgroup-t-force-delta-rgb-ddr4-32gb-2x16gb-3600mhz-pc4-28800-cl18-desktop-gaming-memory-module-ram-tf3d432g3600hc18jdc01--black/,https://btechcustoms.com/wp-content/uploads/2024/07/T-FORCE-DELTA-2X16GB-32GB-BLACK.png
302,TEAMGROUP T-Force Delta RGB DDR4 32GB (2x16GB) 3600MHz (PC4-28800) CL18 Desktop Gaming Memory Module Ram TF3D432G3600HC18JDC01 – White,6500,5,https://btechcustoms.com/product/teamgroup-t-force-delta-rgb-ddr4-32gb-2x16gb-3600mhz-pc4-28800-cl18-desktop-gaming-memory-module-ram-tf3d432g3600hc18jdc01--white/,https://btechcustoms.com/wp-content/uploads/2024/07/T-FORCE-DELTA-2X16GB-32GB-WHITE.png
303,Tenda Model F3 Wireless 300mbps,680,5,https://btechcustoms.com/product/tenda-model-f3-wireless-300mbps/,https://btechcustoms.com/wp-content/uploads/2024/08/TENDA-F3-300MBPS-WIRELESS-ROUTER.png
304,Toshiba 1TB 5400RPM 8MB Cache SATA 3.0Gb/s 2.5 inch Notebook Hard Drive,2100,5,https://btechcustoms.com/product/toshiba-1tb-5400rpm-8mb-cache-sata-30gbs-25-inch-notebook-hard-drive/,
305,TUF Gaming LC II 240 ARGB all-in-one liquid CPU cooler with Aura Sync and two TUF Gaming 120mm ARGB radiator fans,5600,5,https://btechcustoms.com/product/tuf-gaming-lc-ii-240-argb-all-in-one-liquid-cpu-cooler-with-aura-sync-and-two-tuf-gaming-120mm-argb-radiator-fans/,https://btechcustoms.com/wp-content/uploads/2024/09/TUF-GAMING-LC-II-240-ARGB-AIO.png
306,TUF Gaming LC II 360 ARGB all-in-one CPU liquid coolers with Aura Sync and three TUF Gaming 120mm ARGB radiator fans,6900,5,https://btechcustoms.com/product/tuf-gaming-lc-ii-360-argb-all-in-one-cpu-liquid-coolers-with-aura-sync-and-three-tuf-gaming-120mm-argb-radiator-fans/,https://btechcustoms.com/wp-content/uploads/2024/09/TUF-GAMING-LC-II-360-ARGB-AIO.png
307,USB Sound Card 7.1 Channel,250,5,https://btechcustoms.com/product/usb-sound-card-71-channel/,
308,WGD M30 Gaming Mouse,250,5,https://btechcustoms.com/product/wgd-m30-gaming-mouse/,https://btechcustoms.com/wp-content/uploads/2024/08/WGD-M30-GAMING-MOUSE.png
309,YGT 1255 3in1 aRGB Fan with Remote,750,5,https://btechcustoms.com/product/ygt-1255-3in1-argb-fan-with-remote/,https://btechcustoms.com/wp-content/uploads/2024/09/YGT-ARGB-FAN-3-IN-1-KIT-1255.png
310,Ygt Argb Black 120mm Hydraulic Bearing Fan,120,5,https://btechcustoms.com/product/ygt-argb-black-120mm-hydraulic-bearing-fan/,https://btechcustoms.com/wp-content/uploads/2024/09/YGT-ARGB-Black-120mm-Hydraulic-Bearing-Fan.png
311,Ygt Argb Pink120mm Hydraulic Bearing Fan,120,5,https://btechcustoms.com/product/ygt-argb-pink120mm-hydraulic-bearing-fan/,https://btechcustoms.com/wp-content/uploads/2024/09/YGT-ARGB-Pink-120mm-Hydraulic-Bearing-Fan.png
312,Ygt Argb White 120mm Hydraulic Bearing Fan,120,5,https://btechcustoms.com/product/ygt-argb-white-120mm-hydraulic-bearing-fan/,https://btechcustoms.com/wp-content/uploads/2024/09/YGT-ARGB-White-120mm-Hydraulic-Bearing-Fan.png
313,YGT B708 Black,1650,5,https://btechcustoms.com/product/ygt-b708-black/,https://btechcustoms.com/wp-content/uploads/2024/09/YGT-B708-BLACK.png
314,YGT B709 (White),1650,5,https://btechcustoms.com/product/ygt-b709-white/,https://btechcustoms.com/wp-content/uploads/2024/09/YGT-B709-WHITE.png
315,Ygt D02 Matx Tempered Glass Case,1850,5,https://btechcustoms.com/product/ygt-d02-matx-tempered-glass-case/,https://btechcustoms.com/wp-content/uploads/2024/10/YGT-CASE-NYNELF-D02-WHITE.png
316,YGT DF-120 ARGB CPU Liquid Cooling Black,1850,5,https://btechcustoms.com/product/ygt-df-120-argb-cpu-liquid-cooling-black/,https://btechcustoms.com/wp-content/uploads/2024/09/YGT-120-COOLER-BLACK-DEEP-FROST.png
317,YGT DF-120 ARGB CPU Liquid Cooling Pink,1850,5,https://btechcustoms.com/product/ygt-df-120-argb-cpu-liquid-cooling-pink/,https://btechcustoms.com/wp-content/uploads/2024/09/YGT-120-COOLER-PINK-DEEP-FROST.png
318,Ygt Generic Ky-750atx plus II,650,5,https://btechcustoms.com/product/ygt-generic-ky-750atx-plus-ii/,
319,YGT TN24 24″ Gaming Display 75HZ,2500,5,https://btechcustoms.com/product/ygt-tn24-24-gaming-display-75hz/,https://btechcustoms.com/wp-content/uploads/2024/07/YGT-TN24.png
320,YGT V1 Dual Chamber ATX Gaming Case- Pink,3200,5,https://btechcustoms.com/product/ygt-v1-dual-chamber-atx-gaming-case--pink/,https://btechcustoms.com/wp-content/uploads/2024/10/YGT-V1-CASE-PINK.png
321,YGT V1 Dual Chamber ATX Gaming Case- White,3200,5,https://btechcustoms.com/product/ygt-v1-dual-chamber-atx-gaming-case--white/,https://btechcustoms.com/wp-content/uploads/2024/10/YGT-V1-CASE-WHITE.png
322,ZOTAC GAMING GeForce RTX 4060 8GB Solo,17500,5,https://btechcustoms.com/product/zotac-gaming-geforce-rtx-4060-8gb-solo/,https://btechcustoms.com/wp-content/uploads/2024/09/ZOTAC-GAMING-4060-SOLO.png
323,ZOTAC GAMING GeForce RTX 4060 8GB Twin Edge OC,19500,5,https://btechcustoms.com/product/zotac-gaming-geforce-rtx-4060-8gb-twin-edge-oc/,https://btechcustoms.com/wp-content/uploads/2024/09/ZOTAC-GAMING-4060-TWIN-EDGE.png
